{
    "forge_maker": 1,
    "defaults": {
        "model": "al:sphere_item.obj"
    },
    "variants": {
        "inventory": 
        [
        {
            "transform": {
                "thirdperson_lefthand": {
                    "rotation": [ { "x": 0 }, { "y": 0 }, { "z": 0 } ],
                    "translation": [ 0, 0, 0 ],
                    "scale": 0.75
                },
                "thirdperson_righthand": {
                    "rotation": [ { "x": 0 }, { "y": 0 }, { "z": 0 } ],
                    "translation": [ 0, 0, 0 ],
                    "scale": 0.75
                },
                "gui": {
                    "rotation": [ { "x": 20 }, { "y": -30 }, { "z": 0 } ],
                    "translation": [ 0.13, 0.15, 0 ],
                    "scale": 0.65
                },
                "firstperson_righthand": {
                    "rotation": [ { "x": 0 }, { "y": -25 }, { "z": 0 } ],
                    "translation": [ 0, 0.5, 0.2 ],
                    "scale": 0.4
                },
                "firstperson_lefthand": {
                    "rotation": [ { "x": 0 }, { "y": 0 }, { "z": 0 } ],
                    "translation": [ 0, 0, 0 ],
                    "scale": 0.5
                },
                "ground": {
                    "rotation": [ { "x": 0 }, { "y": 0 }, { "z": 0 } ],
                    "scale": 0.27
                }
            }
        }
        ]
    }
}